[
  {
    "_id": {
      "$oid": "6709562f100ec33685ed67b2"
    },
    "actividades_fk": {
      "$oid": "670955b3100ec33685ed67ae"
    },
    "fecha_de_recordatorio": {
      "$date": "2024-01-05T08:00:00.000Z"
    },
    "mensaje": "No olvides comprar leche y pan."
  },
  {
    "_id": {
      "$oid": "6709562f100ec33685ed67b3"
    },
    "actividades_fk": {
      "$oid": "670955b3100ec33685ed67af"
    },
    "fecha_de_recordatorio": {
      "$date": "2024-01-06T09:00:00.000Z"
    },
    "mensaje": "Estudiar el tema de programación orientada a objetos."
  }
]