[
  {
    "_id": {
      "$oid": "67095341100ec33685ed679d"
    },
    "usuario_fk": {
      "$oid": "670951c4100ec33685ed6793"
    },
    "tipo_reporte": "semanal",
    "fecha_inicio": {
      "$date": "2024-01-01T00:00:00.000Z"
    },
    "fecha_fin": {
      "$date": "2024-01-07T23:59:59.000Z"
    },
    "actividades_completadas": 1,
    "objetivos_completados": 0
  },
  {
    "_id": {
      "$oid": "67095341100ec33685ed679e"
    },
    "usuario_fk": {
      "$oid": "670951c4100ec33685ed6794"
    },
    "tipo_reporte": "diario",
    "fecha_inicio": {
      "$date": "2024-01-08T00:00:00.000Z"
    },
    "fecha_fin": {
      "$date": "2024-01-08T23:59:59.000Z"
    },
    "actividades_completadas": 0,
    "objetivos_completados": 0
  }
]