[
  {
    "_id": {
      "$oid": "670951c4100ec33685ed6793"
    },
    "nombre_usuario": "johndoe",
    "email": "johndoe@example.com",
    "contrasena_hash": "123",
    "fecha_de_creacion": "2024-01-01T10:00:00Z"
  },
  {
    "_id": {
      "$oid": "670951c4100ec33685ed6794"
    },
    "nombre_usuario": "janedoe",
    "email": "janedoe@example.com",
    "contrasena_hash": "123",
    "fecha_de_creacion": "2024-01-02T12:00:00Z"
  },
  {
    "_id": {
      "$oid": "670951c4100ec33685ed6795"
    },
    "nombre_usuario": "user123",
    "email": "user123@example.com",
    "contrasena_hash": "123",
    "fecha_de_creacion": "2024-01-03T14:00:00Z"
  }
]